Report ID, Date
z3mkxyWQTwZj7ngp,2025-01-24
cCAZyLGYnMTd8rtf,2025-01-24
d1YVtbG8Rhkp2j9C,2025-01-24
GPAcftDmrJFXV7pQ,2025-01-24
zv9CKc6thVRBTpQx,2025-01-24
ynYWzBAdZ6Rc3rHL,2025-01-24
tmBvcNYpz3FMGnAW,2025-01-24
C89HZbmqF6rKj1hc,2025-01-24
LMFjn3WzVhdKmrkq,2025-01-24
YxpKjwFbkrC4VGv3,2025-01-24
GpjQMfmR6X4JF8tg,2025-01-24
F4ZR8NXLtzKyaDQf,2025-01-23
gKXQtjbhHrBpzx7a,2025-01-24
X6BTrRn8Qp9mhjAW,2025-01-23
3P9DkZcJHt12nrQC,2025-01-24
F3jVrBdZJhL7tqzv,2025-01-24
7WBKVtNnYGfpk169,2025-01-22
XdgfmCYJj3VRQ9v2,2025-01-24
v1ArZLCYbXW3hKFH,2025-01-23
fcpb613LDYvzKkTR,2025-01-24
BqpMHX4PjdJrg7nC,2025-01-24
7ARkr3qhpQDyFG1T,2025-01-24
7h1D26LzBJwXFWbv,2025-01-24
bXp782BJPachKZqV,2025-01-24
kcz32x9FnBNbTCyD,2025-01-19
RBtMCcxmw8WLHJ6h,2025-01-24
dHGB3x8AKk2hXfaJ,2025-01-24
KC4JQyGg1AWbVdpR,2025-01-17
cxyWd91Faw6QD4zN,2025-01-24
QqBRdzpWVNfDxvbL,2025-01-23
WpFfMmj8cTkPvQbV,2025-01-24
czrvAbN8ZFaH2QpD,2025-01-24
wJ14jQrKnN9ZPLbF,2025-01-24
FAbBPHDgRawNkjJy,2025-01-24
qKWvD3apA284QGNj,2025-01-23
7FHJNT6aBhgyKZdz,2025-01-24
vZCrfWNgTcVXpm9J,2025-01-24
ktjWrK8QMAGTq4yc,2025-01-24
7fWw1z3QCBvDP9dk,2025-01-24
D3GRTZ8VAjQzfX1p,2025-01-24
1kjzxLWqK3YhtaXD,2025-01-24
h1GW8NVwjz7Qp2Ca,2025-01-24
cpZBwMq84mXd2a6G,2025-01-24
L8jwRxgh7zB1vYWV,2025-01-22
pkhxmVrLG1FR8cYq,2025-01-24
tAPXkR4aZC7MzjWG,2025-01-24
dvhB8qXPyQgb72tG,2025-01-24
34yCGWdp67qjPXYB,2025-01-24
rcjTNC4dZBYGytWh,2025-01-24
YncRNm3f9WdBt2pH,2025-01-23
VYr24WQJLDP3qMhw,2025-01-24
rJHW9CMX8tqdNbQA,2025-01-24
xVwqDhC8QHgdj1vF,2025-01-24
VTh1PR3yncFBZfdN,2025-01-24
hY3XDzH9AWBKa1Jd,2025-01-24
mMF7TWPN4tRDXpxG,2025-01-24
pHgNx2vDknRBtMPQ,2025-01-24
XY1qk2r8m9jdRWw7,2025-01-24
4ZymKncjHXQCM3Pk,2025-01-24
qpmRTAgFBdKt8Yb6,2025-01-24
Zrqa4mTx9D1gVdy7,2025-01-24
PQ8BWYbtRrp9ZxnH,2025-01-24
xn872c9kQMadX14m,2025-01-24
MqP14KGNWJRvF2mA,2025-01-24
H8LZNkWMRKjadwmV,2025-01-24
rpwaC6JkZ3xhdymz,2025-01-24
Kp4kbnjctLJCdP2M,2025-01-24
fDLH13WPQnyvZbGa,2025-01-24
WRBxJwajpgFVX8nb,2025-01-23
dz9ntapfQgN3YCLw,2025-01-24
mRhbCJD7k3nZ9Wxp,2025-01-23
J7M3qr9cH4tdQxXp,2025-01-24
yjBAzWZbMgdt846x,2025-01-23
kahbpjF4xWQ7RgAq,2025-01-17
R9t2QdqDwxbTpXPr,2025-01-22
DzLQG1Rkp4xtdJgh,2025-01-23
gh3FZcVL12vJNQk9,2025-01-23
9LHXV4AzCJcNn6hY,2025-01-22
qDA6tfpVQj41mByG,2025-01-19
nQ4PMakxdrmY3A21,2025-01-17
ct1TVyPCgmf4bYk7,2025-01-23
LzhK6ACYMn89X4tZ,2025-01-23
KqNrR97FZVAwx8dh,2025-01-23
ZJnhyHtYfXLj8dCz,2025-01-23
ZY2hmjb4qDatW9CK,2025-01-23
Qfmz19nFZq3Tgr2Y,2025-01-23
jDT2FRwQYNdyqH6n,2025-01-23
6pF78qnYwx41cjhg,2025-01-23
dK6xwT3C1p7tZkgM,2025-01-23
PQJkRTwBX9N62CKh,2025-01-23
FWjVYJ3KT6y9LQPr,2025-01-23
AZtY7zVnKXFHDbM4,2025-01-23
YMm9vXdKxLtVRHZy,2025-01-23
XVD4C8BKmHYayf6n,2025-01-23
YPyxg7rmTtzbq398,2025-01-23
X2HpVBRL7gxWPY9y,2025-01-23
6x7CKhBX328zrYFH,2025-01-23
6LH7VMtXjpwzhWFP,2025-01-22
4agRhW3t9MbKzyHp,2025-01-23
fhMKpjt62P4qzF3d,2025-01-23
YxJHb2ja7G6Tcdzr,2025-01-23
jNaqVRpPLwBGbcgC,2025-01-23
CbkLG8WX3hYfJTHp,2025-01-23
m9J4waBjRb1pACGW,2025-01-23
V2vCyLMgqt83AYJw,2025-01-23
vtJ4MYnWBy2dchax,2025-01-23
jJPa4A8cfRkNbrn7,2025-01-23
gYnFkVGtKXjf1672,2025-01-23
4LV2fbj7x3GcM86Q,2025-01-23
PCRNYyjkfFTVAmrH,2025-01-23
WBC3jL6AartyT1HX,2025-01-23
kZcdfbmXnrGyBMJq,2025-01-23
1bWgJGj8HpKrMVDN,2025-01-23
ztLndHWKNbqx1TjP,2025-01-23
xQX9TYjabpP8zt12,2025-01-23
tLTjJk3znV9yrbNa,2025-01-23
zwhtmdnjQPArvkN9,2025-01-23
Jdq61cZ98MKypvLw,2025-01-23
kjWTgy4vrFAD3dw6,2025-01-23
xV9qpZwaNtgydPQK,2025-01-23
Pmt9YXcg6Jh3jMrn,2025-01-23
MTwvyfnP2zaGcALH,2025-01-22
gwG7CX31BxpH6zNh,2025-01-23
92RqWLD38fwrM71K,2025-01-23
6kXjGMYx9CNZc2b8,2025-01-23
AazJC7ZnxbQVFT32,2025-01-23
KQV4ACRLWzBpbXrZ,2025-01-23
W9wQDt73KaJmzHV2,2025-01-23
kK61VPN34n9dcTxv,2025-01-23
XM46V8c9y1PAgd2t,2025-01-23
Jm4BxHFC1Q6VPpMc,2025-01-23
KPFT7nd6M4wRmQzZ,2025-01-23
pLTtDH2zmwCbx6dj,2025-01-23
CNWFYpw7KGJ2DH38,2025-01-10
cgDrLBq9Q2z7w8JP,2025-01-23
qZt1dvk9wbyF4gRm,2025-01-23
86ZpkTtbJ7dDrMHR,2025-01-23
3z6NMwBakgrdLK4j,2025-01-23
fZtB2xdFX984PKz3,2025-01-22
ATC183VwF6vprach,2025-01-23
mftDHpT1dywg83xA,2025-01-22
wnKXRCJhMxBf9c4L,2025-01-23
H7qD3tagzmQ9dcBL,2025-01-23
AVNkxQ9RTCDBG7n8,2025-01-23
tQkAYDmncfgP62qC,2025-01-23
BjHZ7xpaPYfCVdhv,2025-01-23
jtC98pJ1TG4kHXAP,2025-01-23
JvKtBX6R4AyHwn2Z,2025-01-23
pNTMnavWRV4x2YjC,2025-01-23
VX2mqajNcnzvhZ7y,2025-01-23
mxNZp1jWdVzbYgFh,2025-01-23
FDRchrwgq34xnkPK,2025-01-23
cLrJgq8z1K7DhXWy,2025-01-23
DV2McbTvgk6YaxQq,2025-01-23
8DrxCtVbHNYdPvBT,2025-01-23
8mYhx7pVdAfJBkN4,2025-01-19
H2pRXK1VAhxjD4zY,2025-01-23
zAvy9pFkHjgtZNWB,2025-01-23
AWZwdtRPLkaGMx8F,2025-01-23
vd1ymY8HfZ9JkAB7,2025-01-23
bQPjcGZ94t1Bw3Nf,2025-01-23
VjdY1yCB9ZRtxWzP,2025-01-23
xa9BnA83CwG1MvXg,2025-01-23
NLCWwXyar9tm7KFb,2025-01-23
BwxWjG1hfzdKrtV9,2025-01-23
CAJRwn3TK92pLPaN,2025-01-23
NLkJ8n9Hm46aCPgr,2025-01-23
93DHpcaKxYyVWd4t,2025-01-23
bMg782H6CAWTfyGL,2025-01-23
dRpnLVtWbhm4rGyH,2025-01-17
GNkpn4xy26a83A7L,2025-01-23
LYj61a2WX9JM4cGb,2025-01-23
q3RX6YcBJWtNAhDZ,2025-01-22
N8P79jRxFHwKh24a,2025-01-17
a7h4gTrwpH6GCnxL,2025-01-23
zKa2cAhXdytPFrMR,2025-01-23
9mCgJnz4HQ8kdXat,2025-01-23
FQq3PGxgbjw4p79d,2025-01-23
FdvqrgP7GCDQnKTj,2025-01-23
2wdDg6pxRWZJjbFV,2025-01-23
BjH1Rdr7Xxqp8Wbc,2025-01-23
38Ch12Avj7TWpz9n,2025-01-23
DCzxhQXj9bJgVAt1,2025-01-23
nCJQDbd91hfv23Fz,2025-01-22
3hNQpcGzHqa4bvkB,2025-01-23
9ycbHKm4qdTpRLa3,2025-01-23
LkATg7WFvHnfZwhj,2025-01-22
dk4ayVwTtWgBc1bR,2025-01-22
fJYXA8BMNx7rymQh,2025-01-22
CyH2WJpXGLfm1bdj,2025-01-22
Lm3ATQbrXnBNtZhC,2025-01-22
fj2RdxpJbqWLkHm3,2025-01-19
KVrWDm6ZQJANgvPX,2025-01-17
8nt6JR1KLFzA3Bva,2025-01-22
hV8AJZ6g3PHYGdR1,2025-01-22
gnfdMXx8ZKGwQjYt,2025-01-22
6JfmHkzv31qdDx2c,2025-01-19
gcWKvH67yTqwBNjL,2025-01-22
XQfjkdm4y9JtDnc1,2025-01-22
tfcPabyTkNK4DBnF,2025-01-22
R14cxLyrPtnW6vza,2025-01-22
jF87KY6MXTmHJ2hA,2025-01-22
9v2VjKN3qhmgynP4,2025-01-22
7RGA4fbCYD1XPgkj,2025-01-22
pRcKWZAwT6v3qfmM,2025-01-22
pWYmCyZrKnkBHXQf,2025-01-22
mQvbpYVDN7hyw8xq,2025-01-22
YCFAMQVBjdL9XNcn,2025-01-22
6wKN3VL1XgQqhGrB,2025-01-22
bkrwY8cWDA7hzXxL,2025-01-22
4NCpVxJ8T2PRfdkg,2025-01-22
n8rCYtJ19a4LvG2z,2025-01-17
aFhf4kAwWmbzC7v1,2025-01-22
YRAkpxytdJ6fKPq9,2025-01-22
QWj6TJqwM89KRxr4,2025-01-22
xA9zQW2gGn4JDBHV,2025-01-22
qtKbBnCMhTR2GyHN,2025-01-22
vf2At7FNgyDz6jYZ,2025-01-22
cTtGDXWBvf4CMaqm,2025-01-22
cK3gJ2z6rLVaMkGC,2025-01-22
Wd9TqjXNRwrkBy3V,2025-01-22
b9PyVR1Jc2CjnmaD,2025-01-22
GTgvnVAFQmLW4rP6,2025-01-22
YvpcDj4wPbMJGtqk,2025-01-22
2NTYRpKgzBP7nJVy,2025-01-22
y9Nz6PXqRrdtwM8V,2025-01-22
9cNrdCBVQP1TLFyt,2025-01-22
HPNvCx8QzG342gcR,2025-01-22
CyVYbDBcqRPdgmn7,2025-01-22
kRMw37842m6drnQV,2025-01-22
NY1tw8VDWmj4hv26,2025-01-17
wFMm4RQBaxcqfXYW,2025-01-17
BaZ1xXgbFYmQyp7C,2025-01-22
f2m9HG7ZtXr6dMpD,2025-01-22
tMQnafBqJX1mzd4G,2025-01-22
1ZaCBDAYJrbFQ7vq,2025-01-22
nCjRZgmBdtF8kN9q,2025-01-07
4YjDGnNd7Vz1qLWT,2025-01-22
gKqTXFjtv91bh6rR,2025-01-22
DWK3B7f29Gz1vgpj,2025-01-22
VkWxpKmdC2aAqtj6,2025-01-22
G1xbfdWCYVKkcNzj,2025-01-17
wk2FPTLG7a6VQ13R,2025-01-22
CvKXB2rcxbW8kgf7,2025-01-22
RmP2GBT4gZ9JCr3f,2025-01-22
xCcWaBdfwYJhn14y,2025-01-17
PW76tC2Lf1GwgBKF,2025-01-22
4zvpdWDYCALkthBx,2025-01-22
a9BQPLJCMnmh8kYv,2025-01-22
qgZLVDGCRdbv1tzQ,2025-01-22
r7LCVjWcbFXxTMzQ,2025-01-22
jxpgHDrKwf3VbQFM,2025-01-17
jYcV2H6m3q1kAKQw,2025-01-22
Rn1V9qtrcxYQCB84,2025-01-22
gKCXW8n3HhdyTwZ1,2025-01-22
wCXrMphPA1G264d8,2025-01-22
63KPbLpyk4HdDrFt,2025-01-22
FhRkbH1W6n7TVaLA,2025-01-22
19fyWpwtRZhA2PaQ,2025-01-22
Ftbjvkp2ycwxXYQZ,2025-01-22
ZfNpmrJHG3WP8zkh,2025-01-22
FfjpHYnJAGXTqb38,2025-01-22
6fnHMTkY3hAaF7Jq,2025-01-22
fxc9qpjAtH8NhvZJ,2025-01-22
WKtn3hYxvBMr4F2j,2025-01-22
b6GNVMcjdAJwR2XW,2025-01-22
6YMDxW4bjLm8CnyV,2025-01-22
LDCahdypP39xkQBq,2025-01-22
znZpJYMGvqcgT86A,2025-01-22
vGfaQLRnJDp7jtXy,2025-01-22
CGV7Bny4KbMwZDN2,2025-01-22
3zdgDkJFrVa4fHmZ,2025-01-22
CznyBrWtcYVwZQR3,2025-01-17
9Dngx4rwM18WGTad,2025-01-22
qJn7fVhP8Yp62rD3,2025-01-22
txMDWT6wvp9jY4VC,2025-01-22
GA4t7jzDCgc2f3vM,2025-01-22
WLYpMw4TD2qJNPH8,2025-01-17
BpTY8MdkNny9at1z,2025-01-22
Z6QcWhrjRBJVYnbt,2025-01-22
L4K317hXHPkCpFzd,2025-01-22
TbnkpW8gZhRLaPN3,2025-01-22
k312VnX6RvatxLhm,2025-01-22
tp2QZC76x94dPyqj,2025-01-22
FcBq9NH76TrpnhGx,2025-01-22
6MLQPTgFZmAw1pjc,2025-01-22
TfFPnYBg2t9haKWQ,2025-01-22
Lt2B3QwkqChHfrFm,2025-01-22
dkAHYFpZQ62VX8KN,2025-01-22
qth1LkHdVAGwanK2,2025-01-22
A3hnpZNCvBc8zVFx,2025-01-22
cQdwy4AGWb6Lg8nM,2025-01-22
RVrykgNf2hwcZJ39,2025-01-22
NfMAvjKDWaXtHL93,2025-01-22
qRhBaQwgpWrN6btV,2025-01-22
cmBPZbvYJ24TMwfz,2025-01-19
4najmRBfQTCyWKPt,2025-01-22
vpCc2NrJ43njbtx8,2025-01-22
G4MgVqnrTacKy6m7,2025-01-22
bd8vmAg4PGzaXNQn,2025-01-22
WnaxNw2F9yqHcr8B,2025-01-18
9KCr7xWDz2JtQpyZ,2025-01-17
f4rbDZ9Pj8dHtyxn,2025-01-20
BbaFfTK4qyxctH36,2025-01-19
qgC3kpv984Gz1rZR,2025-01-19
6YmFtZjxDzyM7dwW,2025-01-19
JaXwW1Z4tNjVLypn,2025-01-20
KkT6vA7Xbw3LMWYH,2025-01-19
HR2p6rcKjdVTYy8D,2025-01-19
jVMvKfzx4tc8PLpC,2025-01-19
8xjCKWNqkwgcVML9,2025-01-19
Nr1WAwHJ39FVmpRy,2025-01-19
D4T1Cgth3kmfF8VM,2025-01-20
Wa42yJdNCQGgcPVL,2025-01-19
DK9PjkGbF6hqwW7t,2025-01-19
PWgFz1xC9VHbQmt3,2025-01-19
GAXHfntc3Rg76NDr,2025-01-19
QgHaXPdFTtWVDKvn,2025-01-19
3jkHwqXyxJN6m2dV,2025-01-17
Tc8bnZLaYDpVgmFN,2025-01-19
XVG4dQmfHT3MtR8p,2025-01-19
P6vCmdKTgaj3rYnA,2025-01-19
9Y3JcvZ6kBXFPLx2,2025-01-19
z2mhpKDGPyYcBd1Q,2025-01-19
Ac6RHd9XgWaqkjr7,2025-01-19
tb2hY7VJDmf4BxCK,2025-01-19
jqf1WK34rQbmAxDp,2025-01-17
GxBzCra37kLNHWfP,2025-01-19
nBPbgV9Gafzm8qrN,2025-01-19
pPaJ6872BzL93AMb,2025-01-19
2WqFPCzjGTH6dDY7,2025-01-19
Hj7JXnVwbxf1qRvK,2025-01-19
zc6mwXvjyfgKtZGL,2025-01-19
LVzxrPtnpZQg94cW,2025-01-19
rVK8RPY9nCvmpwyH,2025-01-19
qrzDmGKTVdygtQ2F,2025-01-19
4x1kHT3QqVYawLcp,2025-01-19
kMJRrNVK4gLhd87T,2025-01-19
M8YRPjXFfbyzmnJG,2025-01-19
BaYRCwcZAPHvjrfT,2025-01-19
9Tw6Hg4ZVadFtXrM,2025-01-19
KzpynAxjwhLXFVg2,2025-01-19
YQDb7mJfxGzTjwhv,2025-01-19
73WNBmaGDc6JQRgx,2025-01-19
VgLAnwJHYMvhzWR9,2025-01-19
aXDcTt1QqfWMz7nv,2025-01-10
7PbCw4pdBVAKfjZ9,2025-01-19
HDCZqGh1dkzPTn78,2025-01-19
B6qDCrcP2kJ87mYt,2025-01-18
98WDxH4VAaLbfKw2,2025-01-17
ft7dwaXKkW1yZvc2,2025-01-10
DYBgtwvZWqNzFyKC,2025-01-19
CnLhfPgJXr3xa47M,2025-01-19
RJC3cZAtPVKxkWgT,2025-01-19
rfFwBa3QWyRnHq64,2025-01-19
1zdVFxJAYbPQ9nyR,2025-01-19
tLyn4FrMXgZ1WkqQ,2025-01-19
D7BKJtar4kR1wfFY,2025-01-19
dK3QqhFcxNLXTzHa,2025-01-19
mQW6y3JdVbrThjYc,2025-01-19
H1vBaN3zpjJcXGPf,2025-01-19
KFPMHRn8CpjZgJzb,2025-01-19
M8YRpVmkw1JKNvDZ,2025-01-19
x6dwTAXGpVtfFNMc,2025-01-19
xa6hpHXkQcvFNwK4,2025-01-19
6G1hcjamTrzCvnKQ,2025-01-19
ACVXxF2jKZM8rbnJ,2025-01-19
QRLafwgFZ1qHKdjG,2025-01-19
FnQVmvqZktY7TMzJ,2025-01-10
XGAw7aFC8kyJW4bg,2025-01-19
LMvxZFPNfwXVzJ1h,2025-01-19
qhFf3KNXVzMtTZPj,2025-01-19
aqYgWhn2pZHjQLfb,2025-01-19
VCvYa3LxPMk48dTy,2025-01-19
fmZ2hKd8NjcX79CT,2025-01-19
gfc1JdD9HzhYB83G,2025-01-19
82cHqZbpTFWx79Nh,2025-01-19
tgFjBfQyac2qKbAZ,2025-01-19
P9axkhgBMKc2Cftn,2025-01-19
nqDzMHwrX3bj6J4Y,2025-01-19
4QkhY2X8Paf9WyCV,2025-01-19
7WyNpkPK1VxLFvnq,2025-01-19
A6GrFDmkp7JCYPfK,2025-01-19
M723CrQYTKZgR1xW,2025-01-19
G62H7BJjamV3MLfd,2025-01-19
b9M8hK7mzGBWA2CJ,2025-01-19
J42YB8tryXGTPjkf,2025-01-19
8PBtwYnVq7rA9KRp,2025-01-19
XpyYRJQ983qmMCWx,2025-01-19
qCP3BMgptjXybNAF,2025-01-19
QLqc6gwB7ZHTGyWJ,2025-01-19
afZq3AkCFtQnp7yD,2025-01-19
Fq62VkvmTGZzKgdN,2025-01-19
aNF2AfcWqj3LYnXw,2025-01-19
Mt7kHfJVgjc9WP4B,2025-01-19
WBht9TkYFwCGp7XK,2025-01-19
XrgZGd7tbjahQBF9,2025-01-19
H793kNKrG68w2AW1,2025-01-10
tBDJVL879NadrFwb,2025-01-19
hpNaq7ny2K6YBc89,2025-01-19
LQhTfMz8KFWaBkgZ,2025-01-19
qwzCJ79pZL6DbFWR,2025-01-19
bXfrypvnCJ9LKx7N,2025-01-18
TYjb4FyAmarNKkPz,2025-01-19
RLaz6AxmXpNMB7tF,2025-01-19
KM1xBaZvQLfyjDq6,2025-01-19
kVcDMKBJQNG1qpy9,2025-01-19
VmtgYRavb8D3dn1k,2025-01-19
V2aBgF8J1TXnLrm7,2025-01-19
1DTjqMvrRxdzWYpL,2025-01-19
TBFfdnht1KPVyjzr,2025-01-19
QZw1zhCHqA3J49mP,2025-01-19
dCqDrcbYg78Qaw1k,2025-01-18
Fq4wnxy6JBMLK2Wa,2025-01-18
w3qzKGjn7aBY241V,2024-10-27
LxAbRj4ZwYCvFQmD,2025-01-18
h6kKRvpDVnGQ9BYx,2025-01-18
z8vw27PqZRYa1Krm,2025-01-18
c47RtmhHzWZFQ2fN,2025-01-10
1HKWg36QXJBfdM4r,2025-01-17
WzymTkG7w9fnhtcA,2025-01-18
ZpYyz2M6PDnGwkKA,2025-01-18
q1jBvaN3VrwHPbgc,2025-01-18
q9XGhYjBnDxZ6bAp,2025-01-18
ctBaYXATFj1gJbG3,2025-01-18
vWf6x3kya41jdJFz,2025-01-18
tgk14r9LjQYcAP6Z,2025-01-18
pgx9yNmRkwz1DBj3,2025-01-17
Zhnb7J9cptYNaX8L,2025-01-18
FM27gCNxRtzHZnyA,2025-01-18
GP6ZtxjWcmfhL1pb,2025-01-18
fqnXmrBACZ7V384j,2025-01-18
zJXA9DVvjdq81R3P,2025-01-18
hqBxMANrRm3wfkVK,2025-01-18
Nh8tfYH43LTMBrmP,2025-01-18
DyrhYRQVmT3HJnZN,2025-01-18
PrfMpW1BygLw8Jnk,2025-01-17
jT2F7rct13QxB8NZ,2025-01-18
Y2kgtLKHrJfWxbV3,2025-01-17
fbktdqGHFDNY7QjM,2025-01-17
PaqGA2x3MNKHcmF8,2025-01-18
t9Ank8GaPwxFXhbB,2025-01-18
BymhtYMVcF9pfWZT,2025-01-18
mF761p3g8JQrALVW,2025-01-18
4Tk3bGvYBMZztr9a,2025-01-18
3FQ7qxJ28HTAm6GM,2025-01-18
8h4kYCZFWTzqgj3R,2025-01-18
wMrZVnWdAK2G8bpF,2025-01-18
rWQfhvxNbPdaBHgA,2025-01-18
Kv87LgzVdbnmacCf,2025-01-18
AR8cjbv67hTkGVrZ,2025-01-17
MrjgRP8ZTqBKQfFy,2025-01-18
AFntbfgRMHBvCjPm,2025-01-18
M3C8QJwvZNd16Lzt,2025-01-18
tcybHNadgpkQ9f4X,2025-01-18
63LyH9NvXqJfAprw,2025-01-18
bFYGdpPmwjtRXHhV,2025-01-18
Ckcm1rXMPRbv4TNf,2025-01-18
KjD4RB1QqCYktvLn,2025-01-18
4rG17cwFQjDTRzMh,2025-01-18
X4PtZLgGmqKfBvHN,2025-01-18
ngwBRqGtvAp1NF7Z,2025-01-18
fDNcw3HgVbryzhvY,2025-01-17
4d176AjDMFaHm9zb,2025-01-18
k4fQ1PmjZzGNwbnB,2025-01-18
Vh6vjYZBf9HKdcRX,2025-01-17
2dAbD64yFgcxR9fr,2025-01-18
L39p4CfBDx1qVRNc,2025-01-10
Cdh2LnjPHZr3q4GB,2025-01-18
VRJG6wDkf7BH3QNP,2025-01-18
47QzCYZXnkvgtfxN,2025-01-18
VT8wtWnNAKHXcFzy,2025-01-18
CmDhJFpwPZR98Lf2,2025-01-18
4wyJF7TcWPRXZGkp,2025-01-18
PamC9JZRpVD61Y7L,2025-01-17
fDA1wVgPLyRqXbvZ,2025-01-18
aQJBHXPfjbG1gMK8,2025-01-18
WCvY83xZAHBhtdTy,2025-01-17
8N4yFrQPxmhwJnkb,2025-01-18
gdwqBMx74KY9hFpN,2025-01-18
H3nDZBxGjvw7Aym8,2025-01-17
NGyCfx9QA2XmhMDr,2025-01-18
kQHAvtG7FP64BKrh,2025-01-17
Rqb7wLfa9cCQNdY6,2025-01-17
mcBdwCzr1KjQThf2,2025-01-17
PZA8fH1Mnc3yKdRj,2025-01-17
Q81yqWJvtkpzgAbx,2025-01-17
bGqwnVKydmZjNzak,2025-01-17
7wVxRW9Zt6ADaCPv,2025-01-17
89qx3jLwDzRyPk2d,2025-01-17
bjpWdVtx869kXR1v,2025-01-17
YZ1kwWnPQhFK2Lpt,2025-01-17
NTtzwbXJRWdLH7cF,2025-01-17
L7j4PY9aWbmwFGqp,2025-01-17
hmvgqkVFRQZwtaN1,2025-01-17
f2Rpj8JhZcQP1nNq,2025-01-17
ad36JDq1cw8pCNnT,2025-01-17
JyCQ6w2V7fYDtjGZ,2025-01-13
617gzVHYxNZ4WrGA,2025-01-17
hC7zLAv816QMjFB2,2025-01-17
YNvm8X4J61TCgzrn,2025-01-17
JRCnXqz4d6vxkHDy,2025-01-17
8vcCwxyNt3JgMAnD,2025-01-17
cVvN8qf71jYp6mRn,2025-01-10
w47tXrDZaPMyfh8b,2025-01-17
bVyZcd36QaLB8H91,2025-01-17
r79q2kxRTHXQ1Lmp,2025-01-17
g7jnxh9TvKmyr48G,2025-01-17
RfNVgC2TBd9wvrLp,2025-01-17
Qpd8C1A6rzjHJhBg,2025-01-10
1FgwZCDGaWnVcqJM,2025-01-17
hbcyj6fzkDQPBqMa,2025-01-17
Jz6vQCARNLM1mjd8,2025-01-17
4k1RgXpjWFTbVPnt,2025-01-17
7Fm4Q6GBkDKZxcnT,2025-01-17
dnNM2DpcKfRhGqV8,2025-01-17
3KYnVHgrDZT7y9P2,2025-01-17
XJaCx8qjTzw7LpfQ,2025-01-17
f8Lr4tzjkGbQhDNc,2025-01-17
fZ8CNnQBRqV23G4D,2025-01-17
azXdG9HxbghAn7mq,2025-01-17
AqCQYBV2L6P7bD9R,2025-01-17
DR2rQJwyHb1tAPWh,2025-01-17
bjBMX7JcCzYhtFDg,2025-01-17
zrkNaK9YvwWd3Q6n,2025-01-17
az8PfZcDxRAHJg7y,2025-01-17
VbZdYnzCMv9fLwhm,2025-01-17
pmZAat86WGD1rynb,2025-01-17
hfxH8MzAwbkq27rm,2025-01-17
GYvXmQrTtZfANj81,2025-01-17
C3zKwyRAvcqrJhTL,2025-01-17
L1dhMzbZaPwJgXDm,2025-01-17
bthGN7dpALgkfZYX,2025-01-17
nWprP2yt1xR8ghmY,2025-01-17
jGpTh3V694YPgrWH,2025-01-17
dyK1xhqAzRN3tHaj,2025-01-17
DRWyA7NFPnBgrx2Q,2025-01-17
LzAQXdBxc2RtHq1Y,2025-01-17
t8bZfjcr6TxayqzW,2025-01-17
dJcR4z2F8waqjnN9,2025-01-17
naXy46WF2zDTZghB,2025-01-17
yVGTHYPXBaZf8tkF,2025-01-17
GXvQHdNjpMKmJh23,2025-01-17
kn6QHWxyjAp3qJt9,2025-01-17
K7A4dcJDpVkPnzB2,2025-01-17
fdKhNbjqt6aBVnY8,2025-01-17
g7r9hPdvazfcBJLM,2025-01-17
v7qc2NR8YaLrnX31,2025-01-17
J29GzHTARKh1gxtc,2025-01-17
ny2kTfJFcHmr6aAK,2025-01-17
tYxJQG2ycMmrRXV6,2025-01-17
WHN4krJygLqz2x1m,2025-01-17
WfC7gj8hVwrpkxbK,2025-01-10
tvRLbFmWAfB8aDPY,2025-01-17
4cqtvY87QhCdwy3H,2025-01-17
Qw1KHcmAtM3fr8xj,2025-01-17
FQKAcgWz2nD41HJL,2025-01-17
ZQjdR2rcpnkPgaXM,2025-01-17
BG2X6j97wVRc3NKP,2025-01-17
xBpDw6gz8HTyaWQ4,2025-01-10
cvb9tqMC8LHRKNyp,2025-01-17
tXn743ahfcxrPLqF,2025-01-17
YqP9NhkrbAGaKmgj,2025-01-17
kf1m9vKZx7HCrTWp,2025-01-17
Cf1kTBvchY7tmbK3,2025-01-17
k2G1CJHhQg3Zf9ax,2025-01-17
1PRp6abC4XAqxkcm,2025-01-17
tNqChm8w3TGkZ1nz,2025-01-17
CYF6bxfqDJvgByj8,2025-01-17
Zy1XFRfkw2JxGTmW,2025-01-17
zAKFMZ1ytTg8Wdkj,2025-01-17
Ahfqrb4DcLpTm1NK,2025-01-17
gDZYWfQ9vJ2hT47L,2025-01-17
4ny7WhzgrY9xadbZ,2025-01-10
G6Rbpk3crvmhqJXD,2025-01-17
B7gk6j2QJAvVTpn3,2025-01-17
WcfxXA4rGMJ7BHRQ,2025-01-17
9hPrpYRHnQqxzMv1,2024-09-26
T4Mg6BpymZPNkdrb,2025-01-17
Akhw4mJBj61XCvR9,2025-01-17
CPrjQndWmk3J7Dva,2025-01-17
CdQYGNp31vcgbwVK,2025-01-17
6tGQ2K8aZH49JmYb,2025-01-17
PfbZ3jG2L9XRvAwH,2025-01-17
CWjxY6vq2Zb8rwHP,2025-01-17
WDHkwaj6fVzPCTG1,2025-01-17
Kpaq92ChGYZP6rvd,2025-01-17
mNxndZXCprVvGgc7,2025-01-17
b84qnJF1rfcWK2RD,2025-01-17
6RdADm3wFJMtNgX8,2025-01-17
ctBKW7M6rJpAjXPx,2025-01-17
hf46GXrWtqKFCwy9,2025-01-17
QrwYRPaGVDmk8gA4,2025-01-17
zH2CXAKVPdxF84a6,2025-01-17
28MXT3pbR1nFL4zZ,2025-01-17
hVWzNfjTPHq9yD8p,2025-01-17
ZkmbW2vfYGXtan37,2025-01-17
YqbtKaRdLmyz4HW3,2025-01-17
avmJGnpdVA7Kz8qT,2025-01-17
1PRyv6YBnW2h4gpc,2025-01-17
w6VGjWmavhDcMk1P,2025-01-17
XAGvNJZfMjwHrPz2,2025-01-17
RxKnwjMPtAJNvWm6,2025-01-17
tgMCAz71KfTPjJwb,2025-01-17
am9yktpVLGJ8DTwH,2025-01-14
ybzpcBAL9kT82XCj,2025-01-17
3Jh8x26LmvXYMTgR,2025-01-17
gba72ByQT8mR3L6t,2025-01-17
VJG3MDhkWrYCzLR2,2025-01-17
469JaDHcYVyBjFvK,2025-01-17
aZvNLtbk74cF62B1,2025-01-17
JN6gxqcwya3mB2YD,2025-01-17
Yz7BbnCh1FHgwxQT,2025-01-17
vDP4Z8wAyHLzFVRM,2025-01-17
dbRCa38FHhND1L6f,2025-01-17
HpRQ17ajZ3mcXqN8,2025-01-17
fBW4Xhz8aTQjg9yA,2025-01-17
b6XFYd9nzwxQMRBV,2025-01-17
xpKQBDF648J3bPXW,2025-01-17
xnNY32HhtbXpKrgR,2025-01-17
m1qR4cMnP8wByGhV,2025-01-17
pTLnBXwK6tj4x7QC,2025-01-17
BhMDLWTQ8VJ2YpdF,2025-01-17
D79nyd1bkqHNFcQ4,2025-01-17
wBbxX9F2tPyqapn7,2025-01-17
9kmGZavtr1dx6hNB,2025-01-17
wRxkGD6ACb3QPhT9,2025-01-17
zHyF1CL86nXDpdJq,2025-01-17
GzVDbRphjyxJ37vc,2025-01-17
pNhtvX3yn2WcAFVR,2025-01-17
RbPhx2pd1tVzqaD6,2025-01-17
3jkK4v9xHqr2MZzJ,2025-01-10
Wm7JT8xwh6ngbp1X,2025-01-10
tPyfhnFbRABKDVCN,2025-01-10
9ABn6hQH3j2pCWDd,2025-01-10
2APqJanjR9zr7FpW,2025-01-10
qj2kBDwvNnyXmC4A,2025-01-10
mzLyC4DwQKJXN6fH,2025-01-10
cKNYkWvAVaXw92mR,2025-01-10
Y7G3DxWHwXNy4AM6,2025-01-10
6N3Yh8tFMqWwxRgv,2025-01-10
vCgL6ZqWzx3J8F2V,2025-01-10
1JjnZgydtPFVQ7wx,2025-01-10
drt8MNzC4nFpgvWV,2025-01-10
dvkQ4JRKHYbCrMN2,2025-01-10
cwbx9yPgLRhAmk8W,2025-01-10
DxgbTpC78MnqwYzZ,2025-01-10
4kGzBTQV7W93KDYb,2025-01-10
GVA8N3zqdfHWnYJB,2025-01-10
kVqm8pQxFJNLWCyM,2025-01-10
fDdzarpcKX9PQ43J,2025-01-10
TNVDxdvFZMfCn2YL,2025-01-10
YTtK9fVXZR64nhQm,2025-01-10
cFdx1yYHN6tAn8pP,2025-01-10
j9TzmL7byNvYRrtd,2025-01-10
CyL8KDqkPBxT7R9f,2025-01-10
8KWQFwhvzM3cdfkq,2025-01-10
Wn1PRYykTcGvdQKa,2025-01-10
HqT4ZJ3raXyWkV9A,2025-01-10
24VTD8qwyPJn3RbQ,2025-01-10
zFmMDAfkXntG7Tag,2025-01-10
z8X3JDBTaPdRxrgv,2025-01-10
69prMYc7ayfwz2vG,2025-01-10
px7BC3QwGjWg6ZfM,2025-01-10
NkqX8ZLmCAFBHaGf,2025-01-10
CF9cbgVBr6RAkn1h,2025-01-10
a8R2M4yWYmF3zGrk,2025-01-10
ZcCFzwBn8KPJT9Gp,2025-01-10
ADtn1HwLp8P3KNMb,2025-01-10
Gh74ZnWDL6CFvxkR,2025-01-10
HFDvxjkVtAqPhGap,2025-01-10
8zVCnW9TcKAqpFgZ,2025-01-10
ZYx3fgLrqGcaCJKz,2025-01-10
fZhcL2RG3Tr79wyP,2025-01-10
ZPFpyWLB7n2jKbGf,2025-01-10
BFfJmrKxH8w7NhD9,2025-01-10
m1DgZTtybzqA6Bkc,2025-01-10
jZ7kNvMgbyXF39GB,2025-01-10
tmNTR4zCqYAX3wc2,2025-01-10
t6mRkNQ8qVzbdHYF,2025-01-10
fDyBab9HtMAmnjYd,2025-01-10
HahBrZXVwyFN8T6W,2025-01-10
acZzmJ6Wy1pVF7Hq,2025-01-10
w9Rm27j3YzpHQPDc,2025-01-10
j31ZaFn6V4X97xvL,2025-01-10
2ptGVj1CM9fFTPQk,2025-01-10
nM4g2FB3fJ9XLPNd,2025-01-10
dnMzmLYb2BfKJyPc,2025-01-10
673LTQVqn9WfkpdM,2025-01-10
XV8G1QCfJ3bh4HNj,2025-01-10
DtVCf2ybghHZ9dck,2025-01-10
pzKhan8C9HtMcfd6,2025-01-10
4C8MkgXKRhHqcrnF,2025-01-10
xPbvr7d3J9NpCfTh,2025-01-10
abjkWJPt8KxRgFqD,2025-01-10
cWMY3QJbNV2RyKkG,2025-01-10
1Pkrn9pAjxTD7yV6,2025-01-10
jMwdH1rf3XZK7Avp,2025-01-10
X9w62rn1HLfVMtBc,2025-01-10
KcnAkWMztbYQCR2F,2025-01-10
VzZ1gHyPCGNJ2tdc,2025-01-10
6zpMjqY1wmG7RB8Q,2025-01-10
M8VDLCxf2Hpcz4Nw,2025-01-10
Rm9FkbLBfVDzApxy,2025-01-10
ThLCvq4R2j9rKHMF,2025-01-10
cM81W6TZm9FVLCzk,2025-01-10
6qYDr8TdXb4p92v3,2025-01-10
m4XxQkFdTMK7nJH2,2025-01-10
CdbyTPBrGw623XKx,2025-01-10
gcbvp7NKTdhnzQHC,2025-01-10
wmC8hgYAzdQvDJTH,2025-01-10
Q7CLq3BKHT2vMW9c,2025-01-10
GW2wmtqJLvhMPa1N,2025-01-10
T8L9j2RvKz7GgVhC,2025-01-10
M8HcYQ3DtzjJXPZq,2025-01-10
Bq7CZK1aAYPbvJMn,2025-01-10
hjNwAKynpdcbR3Yt,2025-01-10
TyV61pMtFDH4W7xn,2025-01-10
CJTrnQh2xL6yZKam,2025-01-10
g2TKG9nwtNDkcXWj,2025-01-10
1ZNgpcbTx9kDnzVJ,2025-01-10
1aDxJfXwjAnTW3MK,2025-01-10
JdAYrWZvjz9F7mhq,2025-01-10
87KpmbJQDMyBc3xC,2025-01-10
Y8ALfJyrdGvgbw1a,2025-01-10
PvwTnDCLr3xMY28b,2025-01-10
46xNbzrY7c1DfkKF,2025-01-10
ynb7HFDLhKcQVfv9,2025-01-10
vyxZz9Pf3QKa2kbL,2025-01-10
C8MY6rntzXPA1GRh,2025-01-10
A4ktRGYnbXQL7aKP,2025-01-10
a49Lp2c6WKwqrVyj,2025-01-10
HjYJpKzDXR4vB3Ff,2025-01-10
JcqxbBWjtpN87F2v,2025-01-10
3W4mY8vAkn9LRKph,2025-01-10
fNYFB7pRktGbH13m,2025-01-10
RMjYLtBwfkD9Ch18,2025-01-10
XWd48nV9q3vCamfc,2025-01-10
FXy4vcbwm3jqHNTf,2025-01-10
6q719yBNvpAdhLXD,2025-01-10
aGzFwDRdCfTQ6W7M,2025-01-10
Brg8aHZ94pz2nAxP,2025-01-10
fZNGm23b1xWDqPkK,2025-01-10
RfcnaNZGkPhCv6yj,2025-01-10
bvZkfamJw7D8hKRH,2025-01-10
BzyYM4wxHjXb3hPT,2025-01-10
L93TD4CqwQPtfxA8,2025-01-10
DMfPzXGV1Bqw3kC6,2025-01-10
VgtPmvwpWKb2HJCM,2025-01-10
6XQT9JLCcbMNHqjY,2025-01-10
FLW64qAvYK7xQCnT,2025-01-10
h1cPK6dFnbXp3yLW,2025-01-10
fcX14HQFpM8CPjYT,2025-01-10
Q9j7WHNygxZ6zh1B,2025-01-10
cDjWqbFZR4Bgnkam,2025-01-10
bNAdPHVTBaRmKZMJ,2025-01-10
7r3VYZyNTJ6fQh9H,2025-01-10
1rnvVXxPQqZH8py6,2025-01-10
QmXHFdawknJqctj3,2025-01-10
dk64PZWp3LJTqtvh,2024-11-19
78MKwYAqTFkLD61d,2025-01-10
A4JzfRbG6ZpBaCj3,2025-01-10
J16daTgCrnQhmqFW,2025-01-10
1794z8PmfqdD2yGv,2025-01-10
hdR4cBq9Fvz3WZfT,2025-01-10
6wdJGrpQX4nLAmcD,2025-01-10
